temperature_C,pressure_psi,vibration_level,run_hours_since_service,fuel_flow_rate,water_level_percent,ambient_temp_C,days_to_failure,failure_within_7_days
189.9,299.0,0.331,437.0,97.4,71.2,29.4,0.0,1
177.2,282.4,0.464,456.0,78.6,68.2,28.2,0.0,1
193.0,252.1,0.302,494.0,78.2,74.0,36.8,0.0,1
210.5,227.4,0.423,246.0,88.0,55.4,36.8,9.5,0
175.3,274.4,0.027,542.0,102.2,76.4,32.9,0.0,1
175.3,263.8,0.553,563.0,76.6,83.2,32.7,0.0,1
211.6,281.3,0.5,587.0,70.6,69.8,26.9,0.0,1
195.3,272.2,0.296,438.0,74.9,79.1,27.6,2.2,1
170.6,286.7,0.665,277.0,61.4,75.4,21.8,15.3,0
190.9,231.3,0.734,551.0,90.8,65.3,30.5,0.0,1
170.7,296.1,0.098,110.0,73.8,60.4,36.7,27.7,0
170.7,256.9,0.309,384.0,77.5,61.9,40.1,8.0,0
184.8,322.6,0.308,190.0,90.9,75.2,30.5,15.2,0
141.7,225.9,0.265,489.0,75.5,71.4,35.0,2.6,1
145.5,310.8,0.707,425.0,89.1,86.0,14.9,8.2,0
168.8,256.9,0.452,404.0,67.5,80.7,29.4,4.1,1
159.7,227.2,0.434,334.0,91.5,80.7,29.3,15.3,0
186.3,233.1,0.001,208.0,84.1,74.9,40.9,14.4,0
161.8,238.8,0.659,21.0,78.9,61.4,34.4,28.4,0
151.8,264.8,0.19,207.0,81.6,75.6,35.0,9.9,0
209.3,268.3,0.515,7.0,64.6,72.7,34.7,22.2,0
175.5,229.9,0.569,528.0,81.3,59.5,32.3,0.0,1
181.4,249.1,0.84,165.0,78.3,85.3,41.2,19.6,0
151.5,325.0,0.173,495.0,64.9,84.1,18.2,0.0,1
169.1,310.5,0.255,589.0,71.9,59.4,32.9,0.0,1
182.2,265.3,0.546,428.0,78.4,65.0,38.8,3.6,1
157.0,251.3,0.95,162.0,72.7,66.0,20.7,21.6,0
187.5,254.2,0.651,365.0,51.1,78.7,37.0,0.3,1
168.0,271.5,0.552,525.0,92.9,77.4,27.4,0.0,1
174.2,214.2,0.377,238.0,78.3,72.5,32.7,22.0,0
168.0,241.0,0.702,71.0,52.7,75.0,27.3,33.7,0
217.0,191.6,0.257,444.0,105.6,57.8,37.8,0.0,1
179.7,264.0,0.619,508.0,94.9,76.2,30.3,0.0,1
158.8,272.7,0.626,268.0,75.8,70.9,37.1,7.7,0
196.5,233.1,0.765,414.0,69.9,64.5,34.6,0.0,1
155.6,305.1,1.19,244.0,84.8,55.1,27.2,16.1,0
184.2,207.1,0.598,59.0,82.4,72.3,35.0,23.2,0
140.8,198.7,0.373,5.0,86.5,75.9,28.0,32.8,0
153.4,257.9,0.494,569.0,69.9,53.3,32.4,0.0,1
183.9,286.6,0.058,406.0,93.2,72.2,30.2,3.3,1
194.8,308.9,0.326,216.0,74.3,73.3,37.4,6.2,1
183.4,233.9,0.398,25.0,88.2,65.9,35.2,31.3,0
177.7,287.8,0.369,4.0,70.4,76.2,31.8,32.7,0
174.0,248.7,0.538,531.0,111.8,70.5,27.9,0.0,1
150.4,244.0,0.294,389.0,88.3,75.1,24.4,5.4,1
165.6,280.9,0.78,570.0,114.6,77.9,32.8,0.0,1
170.8,272.8,0.5,447.0,89.9,77.9,28.2,0.0,1
201.1,194.8,0.498,145.0,73.3,83.2,20.7,21.5,0
186.9,301.7,0.418,387.0,90.0,75.7,24.0,0.0,1
144.7,298.3,0.539,248.0,90.8,66.8,41.8,14.1,0
186.5,228.1,0.706,525.0,84.5,64.9,28.0,0.0,1
172.3,263.9,0.283,461.0,87.6,60.3,38.5,5.1,1
166.5,267.3,0.335,12.0,89.1,73.7,29.9,28.9,0
192.2,259.1,0.424,383.0,68.1,86.5,39.4,6.8,1
200.6,230.7,0.164,555.0,67.2,68.1,39.0,0.0,1
198.6,226.5,0.295,398.0,70.5,76.9,27.0,0.0,1
163.2,249.1,0.381,18.0,81.5,63.7,20.1,26.6,0
173.8,291.0,0.719,574.0,77.3,74.1,20.6,0.0,1
186.6,269.0,0.566,490.0,68.3,85.9,27.1,0.0,1
199.5,237.0,0.548,418.0,89.3,79.5,43.3,1.2,1
170.4,277.0,0.713,336.0,83.4,54.7,29.5,4.5,1
176.3,150.3,0.466,418.0,82.0,78.3,32.9,0.1,1
157.9,290.2,0.598,121.0,76.9,78.8,39.8,22.2,0
156.1,189.1,0.474,234.0,75.5,73.9,32.7,0.0,1
196.3,237.3,0.566,43.0,69.9,79.3,32.5,20.4,0
207.1,210.8,0.354,316.0,91.2,62.8,35.7,7.0,1
178.6,204.7,0.11,380.0,71.6,72.7,33.7,1.8,1
200.1,290.6,0.466,144.0,82.5,84.2,31.4,16.6,0
187.2,233.6,0.856,326.0,99.9,83.2,27.7,4.8,1
167.1,262.1,0.732,362.0,76.0,78.0,32.5,6.1,1
187.2,248.4,0.741,49.0,91.5,62.3,38.6,26.2,0
210.8,266.7,0.809,64.0,86.8,60.6,42.7,18.0,0
179.3,252.7,0.522,354.0,83.7,73.3,33.8,6.4,1
211.3,205.1,0.549,163.0,85.2,74.0,36.5,20.0,0
127.6,284.9,0.346,140.0,78.9,70.9,33.6,24.9,0
196.4,232.7,0.421,127.0,80.4,72.25,31.5,16.2,0
181.7,195.5,0.654,397.0,73.4,76.8,35.1,5.2,1
174.0,235.0,0.801,462.0,80.5,73.2,39.1,4.9,1
181.8,302.5,0.465,186.0,73.0,75.2,26.7,12.3,0
140.2,279.8,0.387,189.0,92.1,78.5,23.3,16.8,0
175.6,237.8,0.5,387.0,59.6,69.0,28.8,3.5,1
187.1,237.8,0.65,428.0,85.8,66.6,33.3,0.0,1
209.6,238.7,0.139,283.0,84.0,84.2,37.2,10.0,0
169.6,322.7,0.074,236.0,83.0,63.7,26.1,16.6,0
163.8,263.4,0.362,193.0,92.3,66.8,17.1,18.5,0
170.0,265.1,0.195,286.0,76.6,85.6,28.9,17.2,0
198.3,286.1,0.373,135.0,83.1,66.0,30.8,14.7,0
186.6,258.4,0.463,170.0,59.4,70.9,25.0,18.0,0
169.4,240.9,0.387,158.0,75.0,67.5,27.5,15.4,0
190.3,243.1,0.863,200.0,90.3,52.4,37.2,12.5,0
181.9,247.5,0.582,486.0,63.9,70.6,32.5,0.0,1
199.4,248.7,0.575,556.0,81.9,60.9,34.1,0.0,1
166.0,275.5,0.656,582.0,71.9,74.8,29.9,0.0,1
173.4,251.8,0.215,503.0,78.7,84.2,32.25,0.0,1
172.2,275.6,0.76,370.0,72.6,47.6,29.8,2.2,1
150.7,247.2,0.481,102.0,65.0,67.5,35.0,30.3,0
185.9,252.8,0.668,124.0,84.6,77.0,23.1,30.0,0
185.2,180.1,0.232,312.0,79.4,48.0,41.9,5.9,1
180.1,282.1,0.112,457.0,87.4,86.7,35.4,0.6,1
175.3,262.1,0.704,229.0,89.5,76.2,28.8,15.5,0
151.7,284.9,0.594,196.0,94.7,83.9,36.9,26.1,0
171.6,148.6,0.274,422.0,81.6,65.8,39.3,3.0,1
173.1,252.0,0.283,571.0,95.2,67.1,30.0,0.0,1
164.0,245.1,0.781,170.0,68.3,70.2,30.7,25.0,0
176.8,288.8,0.203,381.0,90.9,95.5,41.0,4.5,1
188.1,213.6,0.911,172.0,85.5,86.5,44.7,12.0,0
217.7,271.4,0.275,452.0,82.8,73.5,32.2,0.0,1
183.5,213.1,0.66,349.0,85.3,74.8,25.1,4.7,1
185.2,228.2,0.418,493.0,68.5,79.0,29.2,0.0,1
178.5,317.0,0.651,3.0,65.6,98.3,38.2,36.7,0
141.6,243.3,0.364,92.0,100.5,76.2,25.8,32.5,0
179.5,257.6,0.459,5.0,78.0,72.5,30.8,30.3,0
181.2,280.5,0.51,287.0,77.8,68.3,33.8,13.6,0
229.3,267.3,0.249,145.0,66.8,74.6,26.5,13.0,0
176.2,255.3,0.685,423.0,62.2,65.5,38.6,0.0,1
186.0,262.8,0.372,456.0,78.9,77.5,36.2,0.0,1
179.3,334.1,0.443,201.0,75.9,56.2,44.1,19.8,0
156.6,248.0,0.251,211.0,80.0,69.1,36.7,9.7,0
202.9,257.0,0.5,5.0,81.0,80.1,26.2,26.4,0
195.0,286.8,0.452,375.0,109.9,76.1,35.2,14.0,0
195.8,288.7,1.103,446.0,75.9,66.9,37.9,0.0,1
161.8,291.5,0.696,105.0,99.0,69.4,38.2,24.5,0
208.1,272.4,0.495,400.0,99.7,83.4,27.3,0.0,1
152.0,210.0,0.434,95.0,89.0,58.7,26.6,32.9,0
191.7,307.2,0.506,387.0,77.2,58.7,25.2,4.9,1
223.8,209.9,0.637,451.0,63.7,61.8,41.6,0.0,1
160.2,260.6,0.205,415.0,85.7,71.9,35.7,4.1,1
168.7,223.6,0.779,503.0,92.2,57.1,27.1,0.0,1
182.0,247.8,0.679,453.0,101.0,82.5,32.8,0.0,1
169.9,261.5,0.68,290.0,68.6,61.8,31.3,6.5,1
149.0,261.2,0.61,533.0,77.1,74.5,26.2,1.6,1
181.4,264.8,0.505,192.0,68.7,65.6,32.2,15.7,0
158.8,306.5,0.668,149.0,72.4,71.3,33.1,25.0,0
189.5,265.9,0.648,514.0,88.0,54.4,43.6,0.0,1
161.6,241.5,0.411,392.0,71.8,83.0,28.1,8.5,0
211.0,283.7,0.357,315.0,70.1,61.4,21.7,2.4,1
164.3,291.6,0.525,75.0,89.6,60.3,25.7,25.8,0
173.6,207.0,0.887,598.0,85.4,98.2,26.6,0.0,1
196.3,270.9,0.19,269.0,84.2,78.1,29.4,21.4,0
155.4,274.5,0.133,224.0,72.2,82.6,25.7,22.5,0
184.5,239.6,0.541,529.0,95.5,77.0,36.9,3.3,1
206.1,298.1,0.513,112.0,80.2,67.0,25.3,17.9,0
147.9,244.7,0.543,250.0,108.6,57.6,32.1,14.8,0
183.7,254.4,0.561,232.0,81.9,68.7,44.0,8.8,0
185.2,243.9,0.444,82.0,52.0,61.2,35.3,29.0,0
195.6,250.5,0.872,124.0,51.5,61.9,34.7,14.5,0
155.3,211.6,0.1,174.0,87.5,54.6,43.1,27.2,0
153.6,199.6,0.293,68.0,95.6,73.3,39.5,25.5,0
190.4,305.8,0.474,46.0,70.6,89.3,35.4,30.7,0
185.9,220.4,0.089,255.0,105.2,78.1,30.1,5.7,1
185.0,215.3,0.456,29.0,100.0,70.8,31.9,25.5,0
186.9,174.6,0.915,280.0,82.5,72.25,31.6,9.6,0
166.4,227.6,0.505,236.0,86.5,38.5,29.6,10.0,0
184.6,203.7,0.558,247.0,90.7,67.3,33.3,11.1,0
185.9,307.5,0.185,367.0,102.7,56.3,34.1,1.4,1
165.7,285.3,0.346,494.0,88.2,73.5,24.5,1.1,1
217.3,225.9,0.406,24.0,82.3,69.1,41.8,14.3,0
189.5,328.8,0.421,585.0,88.1,62.4,34.5,0.0,1
156.2,284.4,0.82,489.0,86.4,73.2,30.4,4.7,1
193.1,238.6,0.639,493.0,91.1,73.1,33.3,0.0,1
160.5,162.5,0.222,313.0,61.2,88.7,37.6,18.0,0
195.7,330.2,0.562,374.0,83.8,72.25,23.2,5.5,1
203.2,201.4,0.625,24.0,85.5,74.4,31.4,20.9,0
163.6,192.4,0.785,333.0,79.1,61.6,24.9,11.0,0
199.3,285.8,0.895,354.0,89.4,60.2,47.9,1.7,1
188.3,335.4,0.246,115.0,103.1,78.6,32.8,30.6,0
196.4,298.4,0.297,47.0,81.7,69.8,24.9,27.4,0
217.9,269.7,0.186,98.0,88.3,74.7,53.6,20.0,0
175.1,270.8,0.441,458.0,99.3,82.8,28.8,2.6,1
164.9,279.9,0.617,522.0,81.9,55.4,30.7,0.0,1
162.2,276.6,0.747,596.0,69.3,87.4,31.2,0.0,1
163.7,259.8,0.481,404.0,87.4,82.7,26.9,4.4,1
178.5,253.6,0.42,213.0,53.6,49.4,33.5,15.4,0
186.8,247.8,0.538,502.0,52.4,97.9,18.7,0.4,1
185.5,223.6,0.291,447.0,84.0,75.5,38.5,2.7,1
196.5,240.2,1.022,575.0,51.9,66.7,25.2,0.0,1
180.3,190.7,0.098,257.0,64.2,77.7,29.5,18.8,0
209.1,246.6,0.546,120.0,75.4,61.2,36.5,20.8,0
174.7,215.4,1.006,53.0,71.3,78.0,30.8,30.4,0
234.4,211.4,0.502,330.0,78.2,63.3,31.0,0.0,1
192.5,256.3,0.452,240.0,93.4,94.2,25.9,9.2,0
162.9,298.7,0.411,529.0,82.9,72.7,44.6,0.0,1
158.6,282.1,0.455,482.0,69.9,79.1,35.2,0.6,1
189.6,195.0,0.843,186.0,96.3,63.4,25.5,20.5,0
175.5,215.4,0.053,261.0,62.9,81.0,33.1,2.4,1
194.3,282.9,0.883,363.0,82.7,71.9,25.1,0.0,1
189.5,215.6,0.144,490.0,61.5,56.5,42.3,0.0,1
178.5,242.1,0.433,430.0,83.0,69.4,33.2,0.0,1
163.1,269.3,0.393,238.0,76.2,93.2,26.1,15.0,0
149.7,216.1,0.647,303.0,93.0,81.4,36.2,12.5,0
171.1,253.7,0.1,297.0,88.6,67.8,30.3,6.5,1
197.1,203.3,0.616,75.0,73.0,51.4,24.3,17.2,0
184.3,229.0,1.006,332.0,70.7,62.8,34.3,10.8,0
155.1,261.2,0.159,473.0,76.2,56.5,34.1,1.7,1
183.5,194.2,0.547,282.0,102.5,51.7,38.8,11.0,0
187.7,265.4,0.335,590.0,99.4,80.6,32.4,0.0,1
162.3,249.3,0.606,71.0,68.4,72.7,32.6,32.0,0
183.1,269.3,0.505,262.0,89.6,91.7,33.0,16.8,0
181.2,257.8,0.34,574.0,59.2,61.0,41.6,0.0,1
157.1,297.7,0.622,11.0,74.6,72.0,30.1,30.2,0
187.2,254.4,0.951,140.0,68.9,56.7,34.8,16.0,0
191.2,235.0,0.452,554.0,92.8,65.5,35.7,0.0,1
201.7,254.3,0.68,16.0,79.8,69.6,34.1,23.5,0
201.1,269.0,0.177,62.0,85.2,67.9,29.9,17.1,0
152.4,251.7,0.261,252.0,80.0,72.6,32.7,14.6,0
161.2,251.4,0.618,464.0,77.9,82.7,31.4,7.8,0
190.3,225.4,0.871,375.0,100.1,81.5,43.8,1.2,1
190.3,226.8,0.589,519.0,101.1,63.5,29.3,0.0,1
190.3,200.9,0.422,89.0,78.3,71.7,26.5,19.9,0
257.1,311.2,0.5,174.0,75.8,80.7,32.0,10.4,0
191.4,206.5,0.187,75.0,61.9,83.4,31.5,26.5,0
202.7,225.7,0.651,399.0,79.9,64.7,33.2,0.0,1
199.1,224.9,0.721,70.0,79.8,79.8,29.3,24.3,0
193.0,281.3,0.387,179.0,78.5,75.6,32.7,9.3,0
173.7,239.7,0.382,123.0,88.7,60.3,32.8,19.1,0
195.2,293.7,0.566,380.0,63.2,80.8,37.4,2.2,1
164.5,226.4,0.391,292.0,74.8,73.7,32.6,19.6,0
175.3,259.8,0.483,194.0,85.5,52.8,32.6,16.7,0
170.3,220.8,1.025,227.0,81.3,72.25,35.1,12.4,0
181.6,325.1,0.438,430.0,89.9,72.4,37.2,0.0,1
226.3,208.4,0.41,435.0,72.8,65.3,26.1,0.0,1
142.7,260.8,0.338,460.0,59.0,85.5,24.5,1.9,1
193.7,272.2,0.686,20.0,93.5,85.9,42.2,32.5,0
147.7,264.5,0.455,63.0,68.8,67.8,36.2,28.1,0
170.6,243.5,0.338,164.0,86.1,66.6,30.7,15.9,0
201.8,245.5,0.83,26.0,85.4,70.6,32.1,23.0,0
181.3,251.5,0.855,310.0,60.0,69.8,29.6,1.6,1
158.4,244.9,0.35,284.0,92.6,65.5,33.3,4.2,1
165.7,283.7,0.033,280.0,73.2,31.2,26.2,8.3,0
193.6,327.4,0.752,163.0,80.7,91.3,37.0,18.4,0
165.4,230.5,0.329,223.0,75.7,72.0,33.1,17.8,0
184.3,202.1,0.698,145.0,99.5,70.0,33.3,18.9,0
180.9,246.9,0.007,29.0,96.1,75.6,26.6,37.7,0
167.0,340.3,0.723,44.0,58.3,71.1,35.1,29.7,0
222.9,221.9,0.197,470.0,107.1,67.3,26.8,0.0,1
192.7,307.4,0.683,33.0,71.9,60.9,27.8,20.4,0
139.5,308.7,0.504,426.0,105.2,51.8,32.5,4.4,1
183.7,230.6,0.262,220.0,76.9,57.1,47.0,11.0,0
166.8,269.9,0.398,533.0,75.9,59.7,33.0,0.0,1
197.0,307.0,0.672,366.0,77.0,79.2,16.6,2.5,1
164.1,236.7,0.526,549.0,75.2,80.0,28.1,0.0,1
177.7,242.9,0.646,581.0,110.3,62.3,36.1,0.0,1
190.1,229.6,0.994,115.0,79.1,42.7,25.2,14.0,0
197.3,214.5,0.109,238.0,76.4,72.1,37.0,9.3,0
156.0,227.3,0.904,334.0,80.9,67.4,33.0,16.3,0
173.3,207.2,0.526,440.0,68.4,67.1,37.9,1.2,1
170.5,251.2,0.275,147.0,99.2,82.5,28.6,18.7,0
166.9,223.1,0.167,8.0,62.3,73.5,28.2,28.9,0
215.3,258.2,0.453,287.0,72.6,61.3,35.4,0.0,1
188.1,195.5,0.73,387.0,91.2,58.7,32.0,0.9,1
154.8,261.6,0.468,49.0,80.5,69.1,31.6,34.4,0
198.4,279.2,0.878,516.0,86.6,62.0,41.4,0.0,1
222.4,180.2,0.137,586.0,98.4,71.2,35.6,0.0,1
200.6,263.1,0.497,277.0,92.0,83.3,20.1,12.3,0
149.6,293.0,0.187,299.0,81.6,56.8,36.8,13.0,0
170.3,207.7,0.591,588.0,105.1,73.0,36.2,0.0,1
205.3,308.5,0.722,134.0,72.5,82.1,39.1,16.4,0
165.8,264.7,0.395,579.0,78.8,71.1,26.4,0.0,1
188.9,225.3,0.151,305.0,79.6,79.9,33.9,22.0,0
195.5,248.0,0.55,489.0,78.8,68.8,32.7,0.0,1
161.5,269.5,0.609,477.0,67.2,73.9,26.3,0.0,1
178.8,252.7,0.601,158.0,61.0,76.8,37.7,21.5,0
115.2,268.9,0.809,383.0,85.0,65.7,30.6,5.2,1
159.5,217.8,0.232,162.0,72.4,93.9,38.9,18.8,0
174.9,255.9,0.67,440.0,102.9,78.4,27.5,5.7,1
155.0,200.5,0.798,188.0,79.1,86.3,23.2,22.7,0
212.6,246.1,0.055,414.0,77.0,83.8,30.5,0.0,1
151.4,218.4,0.58,338.0,93.1,75.6,33.4,11.7,0
171.2,224.3,0.374,180.0,84.8,87.2,28.8,23.1,0
182.6,293.3,0.48,287.0,77.9,74.1,13.6,14.4,0
208.8,288.2,0.587,186.0,72.3,64.0,34.3,7.6,0
151.3,271.3,0.378,137.0,123.9,72.2,34.3,20.8,0
203.3,211.8,0.331,129.0,84.3,60.9,36.1,19.0,0
180.2,238.9,0.5,193.0,93.0,48.9,29.7,16.9,0
160.4,292.5,0.228,315.0,67.7,62.6,29.4,4.8,1
189.2,255.0,0.229,143.0,73.1,72.8,40.6,14.9,0
184.0,331.2,0.67,15.0,105.3,83.7,22.5,28.9,0
168.0,263.8,0.213,301.0,96.8,62.6,30.5,10.1,0
180.45,256.7,0.667,422.0,85.5,83.1,32.9,1.8,1
172.3,239.2,0.616,244.0,75.4,58.7,35.6,7.5,0
182.3,254.7,0.069,106.0,77.2,61.9,33.0,21.6,0
193.2,244.7,0.331,87.0,71.9,87.9,26.5,20.9,0
211.7,274.8,0.799,128.0,66.1,72.5,39.0,11.9,0
155.2,283.5,0.255,340.0,79.8,70.1,32.0,9.9,0
222.7,222.5,0.384,3.0,86.5,72.25,22.0,23.4,0
141.0,203.4,0.616,326.0,88.8,58.7,33.3,15.1,0
177.0,185.7,0.696,409.0,76.0,68.4,34.9,0.0,1
191.8,267.8,0.437,305.0,83.1,72.0,43.8,8.0,0
185.6,211.4,0.351,224.0,74.8,85.5,34.5,8.8,0
167.5,174.6,0.5,347.0,71.3,53.6,23.1,4.8,1
175.8,263.6,0.935,320.0,100.0,91.4,23.3,12.2,0
170.1,337.3,0.745,558.0,81.5,70.6,39.6,0.0,1
168.2,249.8,0.521,180.0,86.1,59.8,27.2,20.4,0
197.0,279.3,0.298,385.0,90.0,57.8,22.7,2.5,1
187.1,252.9,0.292,107.0,79.8,75.0,38.0,20.2,0
166.1,246.5,0.631,530.0,82.9,57.2,29.1,0.0,1
198.0,282.2,0.605,409.0,67.0,65.8,37.7,5.7,1
186.1,239.8,0.85,295.0,69.2,69.3,26.5,6.5,1
196.3,259.4,0.663,170.0,68.6,84.6,40.8,22.6,0
192.6,261.3,0.124,330.0,87.3,83.2,37.2,9.8,0
163.4,226.6,0.763,492.0,80.9,64.9,27.7,0.0,1
168.8,284.7,0.25,194.0,69.2,69.7,22.0,17.3,0
194.9,243.9,0.404,11.0,87.0,54.5,45.8,25.9,0
192.2,223.5,0.563,194.0,86.5,49.6,30.7,15.8,0
179.6,268.8,0.999,489.0,71.7,58.5,27.4,0.0,1
182.3,218.6,1.277,181.0,79.7,84.4,40.3,16.5,0
205.6,251.0,0.652,315.0,86.6,80.6,37.7,0.0,1
168.2,249.7,0.454,29.0,69.7,76.2,39.1,33.0,0
190.9,288.0,0.634,595.0,86.8,56.0,31.4,0.0,1
176.0,266.6,0.722,95.0,83.6,64.2,43.3,17.9,0
175.6,249.1,0.42,380.0,68.0,62.6,24.1,1.7,1
202.0,278.6,0.949,443.0,82.6,70.2,28.7,0.0,1
196.5,298.7,0.558,297.0,84.4,72.25,34.3,8.0,0
196.3,269.5,0.624,360.0,72.5,61.0,39.0,0.3,1
206.1,250.4,0.666,373.0,73.4,75.8,36.0,3.7,1
180.4,204.1,0.605,553.0,67.9,74.5,31.5,0.0,1
193.6,212.7,0.71,302.0,74.6,64.0,29.1,3.6,1
173.8,239.3,0.346,420.0,79.9,75.3,39.0,2.1,1
186.5,228.7,0.36,245.0,73.5,72.25,36.6,13.5,0
177.4,243.5,0.225,236.0,62.2,87.7,26.8,18.4,0
181.9,252.0,0.61,533.0,71.7,77.4,26.6,0.0,1
191.9,268.5,0.695,184.0,75.0,77.1,28.7,14.2,0
163.6,247.5,0.614,467.0,89.8,69.4,28.0,1.7,1
221.8,267.0,0.919,362.0,87.1,83.3,38.2,0.0,1
159.9,252.0,0.499,282.0,90.0,60.2,34.6,13.8,0
155.7,180.9,0.667,552.0,71.1,82.1,35.3,0.0,1
203.2,217.1,0.227,335.0,81.7,68.8,33.2,0.0,1
195.8,245.0,0.403,161.0,50.9,88.4,33.4,16.9,0
192.5,207.7,0.674,159.0,85.1,78.5,22.5,23.8,0
192.6,271.0,0.712,473.0,87.3,71.3,36.8,0.0,1
179.8,303.6,0.427,321.0,75.8,69.4,28.6,9.3,0
162.1,292.7,0.482,11.0,83.5,77.8,31.8,36.7,0
181.5,242.5,0.121,423.0,61.8,77.2,29.2,8.1,0
166.5,302.2,0.411,72.0,70.4,67.6,32.9,26.8,0
199.5,255.2,0.723,587.0,89.2,73.0,35.4,0.0,1
177.1,238.2,0.644,200.0,86.1,81.9,25.9,21.6,0
163.5,228.5,0.625,521.0,75.1,57.0,33.5,0.0,1
173.6,239.4,0.512,504.0,89.7,80.0,29.3,0.0,1
188.3,236.4,0.502,38.0,81.7,77.7,39.9,24.7,0
168.7,256.0,0.335,59.0,73.9,85.1,25.3,30.3,0
163.6,255.6,0.675,577.0,77.8,64.1,26.0,0.0,1
184.9,250.1,0.605,320.0,74.5,72.1,29.8,5.6,1
184.9,265.3,0.623,434.0,65.8,74.3,26.4,0.0,1
169.9,291.7,0.368,407.0,95.1,80.1,30.7,9.8,0
170.6,283.2,0.038,385.0,73.2,76.7,28.8,3.8,1
184.6,198.0,0.774,568.0,70.0,58.4,32.5,0.0,1
151.0,160.6,0.38,77.0,61.6,75.2,38.0,27.1,0
151.9,282.7,0.284,193.0,48.4,94.0,32.4,26.3,0
165.6,202.2,0.673,284.0,88.4,78.7,33.0,15.4,0
175.7,242.1,0.402,526.0,89.5,90.0,25.7,0.0,1
186.2,209.0,0.765,523.0,94.3,83.5,31.2,0.0,1
209.5,186.9,0.654,155.0,78.2,87.0,29.5,17.5,0
197.2,269.0,0.671,339.0,76.1,75.4,36.1,1.4,1
176.8,276.6,0.159,124.0,73.9,77.7,27.4,16.4,0
179.6,229.8,0.803,279.0,75.0,74.8,26.8,13.1,0
159.9,159.3,0.565,127.0,93.4,72.0,33.9,21.7,0
179.6,230.9,0.408,313.0,79.7,80.2,43.9,10.9,0
174.2,263.7,0.536,331.0,84.5,66.3,30.9,8.6,0
186.5,198.2,0.056,149.0,74.7,92.7,33.0,21.1,0
163.5,256.4,0.602,453.0,95.9,61.8,37.7,0.0,1
190.4,249.5,0.243,35.0,57.1,80.9,35.1,24.5,0
210.7,270.3,0.162,419.0,65.4,87.2,35.1,0.0,1
177.8,254.2,0.119,21.0,84.6,70.1,31.4,26.4,0
188.0,215.9,0.778,205.0,101.0,59.8,31.5,15.7,0
193.8,291.9,0.343,355.0,77.3,84.7,27.5,10.1,0
172.0,244.5,0.883,439.0,69.9,74.2,34.9,5.9,1
184.5,249.0,0.366,95.0,92.0,80.9,34.8,24.3,0
180.3,217.3,0.073,163.0,83.9,70.8,36.3,24.2,0
182.0,234.5,0.221,147.0,95.5,91.1,29.1,20.3,0
164.5,219.0,0.809,529.0,64.5,48.7,37.0,0.0,1
180.5,243.9,0.461,293.0,94.5,76.1,38.8,17.7,0
190.0,309.9,0.363,194.0,61.4,86.8,24.7,18.7,0
209.0,202.0,0.54,479.0,76.5,73.2,30.2,0.0,1
199.2,193.5,0.625,122.0,85.0,75.3,39.1,25.3,0
223.1,301.5,0.779,399.0,82.2,67.2,28.1,0.0,1
164.7,242.7,0.862,451.0,92.7,72.2,35.2,0.0,1
197.4,226.6,0.41,103.0,58.1,53.6,32.1,22.6,0
183.7,286.4,0.168,461.0,81.7,64.1,34.0,2.0,1
223.8,228.8,0.397,395.0,94.4,63.3,32.2,0.0,1
163.8,313.9,0.565,336.0,80.7,79.4,36.5,15.7,0
163.2,273.7,0.259,598.0,66.3,65.7,25.9,0.0,1
168.0,232.9,0.261,141.0,92.1,66.0,26.5,18.3,0
137.5,325.5,0.586,316.0,72.2,67.8,40.8,13.1,0
169.5,228.8,0.488,557.0,70.1,63.8,44.6,0.0,1
164.8,276.0,0.508,526.0,68.6,75.0,32.0,0.0,1
183.0,260.5,0.31,555.0,77.6,76.2,42.3,0.0,1
186.8,295.6,0.442,400.0,82.2,81.1,27.4,5.5,1
217.5,304.7,0.269,309.0,64.8,79.2,28.8,5.7,1
199.0,251.1,0.723,494.0,67.2,78.1,40.7,0.0,1
168.5,223.6,0.759,555.0,71.7,68.4,36.8,0.6,1
162.0,266.1,0.038,108.0,68.5,67.7,41.6,33.4,0
189.8,226.3,0.268,371.0,80.4,62.4,34.8,0.0,1
153.6,320.5,0.126,205.0,84.3,62.2,25.9,21.3,0
216.6,254.8,0.337,42.0,82.7,74.1,33.3,29.5,0
203.6,237.2,0.479,244.0,82.7,64.1,39.2,5.6,1
170.6,256.5,0.138,286.0,100.1,88.2,31.2,14.2,0
145.7,202.9,0.27,354.0,85.1,71.6,30.3,14.5,0
207.1,216.0,0.249,475.0,89.4,88.5,34.9,0.0,1
177.7,292.0,0.552,82.0,75.0,78.3,28.6,28.7,0
204.8,227.0,0.517,109.0,91.3,63.5,33.8,13.6,0
148.1,213.4,0.32,189.0,74.5,71.3,32.4,22.5,0
168.0,268.8,0.544,250.0,84.9,53.6,29.1,17.2,0
180.1,291.5,0.363,290.0,63.5,74.1,37.9,0.5,1
180.9,275.2,0.432,200.0,82.0,64.5,35.9,18.5,0
171.0,284.9,0.918,325.0,68.3,59.8,29.9,15.7,0
192.5,223.5,0.835,510.0,91.2,88.7,31.9,0.0,1
158.6,200.2,0.175,408.0,90.5,83.3,30.4,8.3,0
177.2,252.0,0.707,507.0,74.4,83.0,28.2,1.6,1
182.4,238.7,0.703,71.0,104.6,80.6,21.8,19.4,0
190.3,241.2,0.213,246.0,76.6,58.4,29.1,13.1,0
194.2,296.5,0.705,586.0,60.7,67.6,28.3,0.0,1
157.5,269.5,0.884,565.0,70.7,68.3,32.7,0.0,1
149.3,266.0,0.219,343.0,67.5,53.2,34.6,9.3,0
205.6,325.8,0.271,53.0,84.6,65.9,27.2,18.0,0
186.6,227.5,0.754,527.0,65.2,66.0,34.2,0.0,1
165.0,282.5,0.568,531.0,73.5,73.4,26.3,0.0,1
211.0,252.0,0.638,557.0,83.8,99.9,32.25,0.0,1
182.3,259.4,0.585,192.0,81.7,71.8,28.4,15.1,0
203.6,303.5,0.598,57.0,79.8,73.4,36.5,24.3,0
181.4,267.8,0.168,436.0,81.5,69.2,32.7,0.0,1
221.2,268.8,0.762,110.0,75.6,80.1,31.3,17.2,0
215.1,287.5,0.792,128.0,60.8,60.2,28.2,13.1,0
175.0,237.2,0.443,325.0,75.2,92.9,30.0,15.6,0
199.4,220.6,0.489,7.0,85.6,70.6,43.0,19.2,0
192.9,213.4,0.117,28.0,78.4,67.7,29.0,29.6,0
207.4,181.2,0.629,111.0,84.7,82.7,34.9,25.1,0
160.7,322.0,0.643,130.0,73.0,62.2,31.3,15.7,0
193.7,211.4,0.484,187.0,91.9,79.9,34.7,9.0,0
201.2,242.3,0.781,474.0,49.3,87.5,37.0,2.5,1
144.8,240.3,0.416,363.0,81.7,69.3,29.9,6.2,1
156.3,260.8,0.641,203.0,96.2,94.6,36.3,34.2,0
139.2,278.6,0.245,211.0,98.0,79.1,48.5,15.0,0
174.6,280.1,0.494,275.0,77.2,79.2,35.4,13.2,0
194.4,229.6,0.456,72.0,64.1,87.0,41.7,24.4,0
210.0,244.2,0.556,242.0,96.4,89.9,34.9,9.7,0
181.5,259.9,0.408,101.0,79.4,74.9,26.4,25.0,0
212.6,241.3,0.467,170.0,78.1,80.8,33.7,16.4,0
152.4,306.3,0.707,187.0,69.3,87.4,30.0,22.1,0
145.9,267.2,0.391,440.0,65.0,59.2,28.4,0.0,1
178.9,275.7,0.098,85.0,86.8,53.0,31.6,26.7,0
187.7,273.2,0.937,475.0,88.0,71.4,31.1,0.0,1
179.3,291.1,0.845,51.0,82.4,52.7,25.6,25.3,0
138.7,256.3,0.5,110.0,70.8,68.5,48.3,30.7,0
178.2,204.6,0.672,42.0,67.2,75.5,36.8,31.0,0
153.9,264.0,0.374,210.0,62.8,69.0,33.5,16.1,0
193.4,227.2,0.566,199.0,73.3,70.4,32.5,16.3,0
187.3,231.5,0.574,25.0,67.9,61.0,39.2,24.0,0
161.2,270.5,0.441,298.0,59.5,80.7,44.5,16.2,0
169.7,293.3,0.304,76.0,87.8,60.3,36.1,24.5,0
158.8,250.7,0.327,136.0,64.2,48.9,32.7,24.0,0
178.7,260.8,0.271,19.0,91.8,69.7,40.8,27.1,0
199.1,309.6,0.292,439.0,84.7,82.1,32.9,0.3,1
160.3,258.4,0.483,210.0,83.5,72.9,34.6,14.6,0
190.1,341.1,0.321,550.0,100.0,59.2,38.0,0.0,1
169.4,269.8,0.671,434.0,64.6,73.1,29.7,5.4,1
164.1,188.4,0.872,206.0,90.5,76.8,19.5,20.5,0
177.9,276.4,0.355,438.0,76.4,73.0,29.4,0.7,1
159.3,263.3,0.56,41.0,110.9,69.1,36.6,37.4,0
168.9,295.1,0.625,410.0,75.4,77.3,36.2,7.8,0
156.0,273.6,0.618,522.0,73.5,52.9,40.1,0.0,1
219.3,245.2,0.519,426.0,85.1,62.2,29.6,0.0,1
180.7,207.1,0.686,274.0,77.5,57.6,41.5,12.6,0
166.0,242.7,0.621,447.0,70.9,86.8,33.1,9.1,0
184.3,220.2,0.191,368.0,68.4,79.8,35.6,2.9,1
177.8,229.7,0.717,219.0,97.5,74.0,37.4,19.4,0
175.6,270.6,0.722,576.0,66.0,56.0,23.7,0.0,1
192.3,308.4,0.5,231.0,82.7,80.2,26.0,11.5,0
195.2,263.8,0.509,327.0,92.7,87.3,25.8,6.2,1
169.4,208.1,0.671,442.0,93.3,78.3,38.4,2.4,1
168.5,265.6,0.448,51.0,72.8,71.6,30.2,24.9,0
174.5,291.9,0.768,375.0,77.5,78.9,44.2,8.9,0
134.0,228.7,1.091,262.0,75.2,75.0,32.0,18.6,0
149.7,245.3,0.304,266.0,61.6,82.2,23.2,17.5,0
207.3,250.5,0.155,358.0,86.5,81.9,28.0,7.5,0
212.9,222.5,0.576,316.0,80.5,69.6,32.7,3.4,1
175.0,252.0,0.68,323.0,97.3,64.7,35.1,13.8,0
191.5,245.8,0.442,562.0,70.1,67.6,26.1,0.0,1
186.2,264.7,0.863,420.0,93.1,77.9,35.4,0.0,1
241.6,218.9,0.165,45.0,93.9,68.3,37.0,16.3,0
202.4,252.0,0.673,599.0,80.6,63.7,28.2,0.0,1
177.4,275.3,0.349,268.0,53.9,72.0,43.8,15.5,0
160.9,237.0,0.93,380.0,73.8,84.2,28.8,3.5,1
147.9,310.4,0.998,117.0,101.4,73.5,26.0,24.5,0
184.1,236.0,0.308,565.0,83.6,69.0,22.8,0.0,1
164.9,257.9,0.363,115.0,88.3,75.5,39.3,25.2,0
151.6,282.6,0.715,259.0,78.9,72.9,32.1,14.7,0
167.1,200.4,0.403,74.0,77.3,50.7,29.1,16.7,0
158.4,188.4,0.489,479.0,57.6,79.7,23.2,5.9,1
213.7,196.6,0.506,304.0,89.5,76.5,29.7,7.2,0
197.6,294.2,0.02,6.0,93.0,72.2,46.3,35.4,0
179.8,230.7,0.497,365.0,68.6,83.7,19.1,3.5,1
209.6,339.5,0.328,522.0,77.9,85.3,28.2,0.0,1
181.5,230.3,0.377,347.0,76.2,80.8,42.8,10.5,0
162.8,256.5,0.861,437.0,85.0,62.6,39.5,0.5,1
210.5,304.0,0.186,214.0,73.5,63.0,28.6,12.3,0
190.8,320.2,0.703,428.0,91.2,84.3,33.2,6.3,1
159.3,322.2,0.43,497.0,80.9,51.4,34.8,0.0,1
176.2,292.3,0.43,539.0,49.4,70.4,32.8,0.0,1
162.5,285.8,0.698,366.0,85.3,76.8,42.7,8.6,0
152.3,270.7,0.585,312.0,92.0,52.7,34.0,4.0,1
198.5,277.2,0.5,537.0,66.2,74.6,38.8,0.0,1
218.2,230.7,0.742,53.0,84.9,82.5,33.1,26.5,0
152.0,221.4,0.417,540.0,102.0,55.7,19.8,0.0,1
191.3,249.9,0.347,466.0,81.3,90.2,24.8,0.0,1
167.0,244.0,0.229,163.0,93.7,60.9,26.1,19.1,0
170.3,234.1,0.294,333.0,74.7,78.3,30.5,14.7,0
168.2,274.4,1.237,546.0,79.8,71.1,44.5,0.0,1
162.7,283.4,0.811,347.0,77.5,72.8,34.2,13.3,0
181.0,253.1,0.162,272.0,75.4,57.9,31.4,9.8,0
163.4,301.7,0.169,413.0,78.2,85.9,39.4,8.0,0
185.4,210.0,0.62,499.0,60.4,75.6,23.3,0.0,1
179.0,243.2,0.637,92.0,76.0,89.8,29.1,26.0,0
175.2,224.9,0.637,78.0,96.1,58.2,28.2,25.8,0
161.8,184.7,0.436,216.0,68.4,70.0,34.4,13.3,0
168.5,247.1,0.469,357.0,67.2,74.3,37.4,8.3,0
195.1,245.7,0.582,506.0,80.7,72.7,34.8,0.0,1
190.0,303.0,0.521,558.0,81.3,79.3,34.9,0.0,1
160.4,272.1,0.055,180.0,84.5,69.9,29.8,22.5,0
182.0,214.2,0.443,575.0,78.6,95.3,33.9,0.0,1
195.0,314.9,0.287,245.0,80.9,72.4,27.0,12.7,0
146.6,292.7,0.544,243.0,75.8,40.3,36.0,9.5,0
190.9,270.4,1.246,505.0,64.7,72.9,29.0,0.0,1
166.7,242.1,0.592,421.0,79.1,85.9,25.3,0.0,1
180.45,216.4,0.5,319.0,88.7,72.25,32.2,7.6,0
164.7,237.0,0.73,86.0,86.2,61.1,20.5,21.0,0
143.9,288.1,0.621,216.0,59.1,62.8,40.8,16.5,0
147.4,316.0,0.605,489.0,83.0,60.2,36.8,0.0,1
181.0,304.0,0.652,518.0,69.3,66.7,34.0,0.0,1
185.2,232.9,1.014,277.0,96.7,82.0,22.3,10.2,0
161.9,210.8,0.217,168.0,83.9,88.8,27.8,24.9,0
192.8,254.9,0.618,329.0,90.8,45.3,32.2,2.5,1
146.8,188.1,0.268,440.0,80.3,67.8,30.4,0.0,1
178.7,261.3,0.639,390.0,79.2,75.3,21.9,4.5,1
155.8,244.8,0.27,495.0,98.0,74.2,24.1,0.0,1
167.0,233.7,0.396,380.0,91.7,92.9,30.3,4.1,1
180.9,194.2,0.426,305.0,81.4,49.9,32.25,5.0,1
162.8,268.0,0.744,512.0,77.6,43.5,40.2,0.0,1
172.3,231.4,0.73,187.0,59.5,94.7,35.0,13.9,0
200.1,209.1,0.189,515.0,83.9,80.3,27.2,0.0,1
168.5,149.5,0.514,426.0,78.5,65.7,39.0,8.1,0
196.7,249.0,0.323,501.0,79.8,73.9,37.8,1.8,1
157.4,312.0,0.185,259.0,90.3,74.7,33.7,20.3,0
190.6,308.1,0.446,512.0,94.8,65.4,31.8,0.0,1
208.8,234.0,0.423,70.0,84.0,73.6,30.2,19.5,0
130.6,228.9,1.107,477.0,67.4,75.9,28.8,2.7,1
164.1,266.4,0.608,177.0,54.2,94.2,24.0,30.4,0
191.5,215.1,0.156,456.0,70.1,82.6,41.2,0.0,1
175.9,260.6,0.359,188.0,96.0,91.1,28.9,24.6,0
187.4,276.8,0.755,290.0,101.9,57.2,32.2,12.1,0
167.9,292.9,1.022,519.0,77.1,68.2,26.5,0.0,1
181.7,252.0,0.104,291.0,62.5,74.7,30.4,4.0,1
176.9,242.9,0.03,282.0,72.2,50.9,49.1,8.4,0
203.4,219.3,0.968,543.0,93.7,85.0,27.6,0.0,1
185.1,221.1,0.597,376.0,72.9,79.1,40.7,8.9,0
186.8,242.1,0.283,155.0,87.1,68.0,31.8,18.0,0
171.8,262.9,0.634,507.0,82.0,70.0,36.1,0.0,1
170.2,282.0,0.159,412.0,88.5,85.8,39.5,8.2,0
171.3,221.9,0.501,527.0,79.8,63.3,33.6,0.0,1
187.9,302.2,0.582,354.0,87.1,86.2,29.9,0.0,1
171.6,240.5,0.731,558.0,81.8,69.2,30.9,0.0,1
185.8,249.3,0.247,186.0,103.1,80.3,31.1,19.1,0
221.5,223.8,0.521,30.0,84.2,73.0,43.2,18.6,0
197.4,165.2,0.269,259.0,70.5,96.6,23.1,11.2,0
173.5,280.9,0.564,420.0,88.2,62.2,21.4,3.4,1
204.0,275.8,0.276,528.0,85.4,65.7,21.8,0.0,1
171.8,240.2,0.398,550.0,76.3,55.4,26.6,0.0,1
139.2,252.3,0.251,303.0,73.8,59.9,36.2,18.9,0
159.8,268.1,0.663,38.0,76.4,79.8,36.6,38.2,0
142.6,195.3,0.715,488.0,73.6,89.6,28.4,1.4,1
173.0,231.5,0.441,541.0,76.8,81.1,31.8,0.0,1
180.4,277.8,0.51,277.0,69.9,71.9,25.3,13.8,0
213.5,206.1,0.138,202.0,84.6,62.2,25.9,7.4,0
186.5,260.3,0.425,65.0,83.7,81.9,35.5,27.8,0
175.6,202.5,0.487,107.0,84.1,61.6,38.3,31.1,0
196.6,266.3,1.155,267.0,79.3,57.2,29.1,1.4,1
135.8,248.8,0.222,221.0,77.9,68.6,41.8,17.8,0
184.7,193.5,0.866,529.0,97.3,49.6,37.8,0.0,1
195.4,290.8,0.749,89.0,80.8,56.8,41.6,25.3,0
150.4,224.3,0.57,254.0,95.2,92.7,30.2,33.2,0
202.9,221.6,0.94,454.0,68.0,54.8,41.1,0.0,1
186.8,257.0,0.593,252.0,87.1,58.9,45.1,3.7,1
171.7,290.2,0.597,256.0,71.2,72.8,29.5,12.2,0
192.7,214.4,0.487,382.0,73.3,73.4,31.1,0.0,1
225.4,252.2,0.806,441.0,75.1,69.4,26.3,0.0,1
183.6,265.0,0.774,598.0,74.3,50.0,25.1,0.0,1
185.0,274.3,0.344,89.0,74.4,81.3,25.2,20.0,0
170.8,256.2,0.17,389.0,94.6,67.1,27.1,0.5,1
163.0,237.2,0.449,581.0,80.5,85.4,33.6,0.0,1
196.6,221.0,0.3,43.0,82.7,64.9,27.4,23.0,0
162.9,253.0,0.484,597.0,74.5,82.8,33.5,0.0,1
181.4,212.5,0.809,18.0,90.3,86.3,33.6,30.4,0
170.4,147.8,0.386,100.0,84.3,66.9,29.2,29.1,0
189.6,265.3,0.489,356.0,76.3,81.7,31.6,3.2,1
186.7,281.6,0.515,541.0,61.0,57.4,28.8,0.0,1
200.8,167.3,0.712,32.0,82.6,74.9,30.1,19.8,0
169.8,214.7,0.062,228.0,86.9,85.4,27.1,16.2,0
174.6,271.7,0.348,523.0,68.3,77.7,32.5,0.0,1
160.4,322.0,0.553,154.0,76.5,98.5,28.4,18.1,0
171.1,250.7,0.8,422.0,86.4,78.3,25.0,1.3,1
187.5,224.5,0.377,245.0,61.1,72.25,35.6,16.2,0
195.1,243.6,0.031,404.0,72.2,100.0,35.8,5.0,1
161.6,298.1,0.655,540.0,84.5,90.0,38.7,0.0,1
197.4,227.4,0.341,160.0,93.3,54.4,25.9,17.1,0
207.1,222.0,0.203,116.0,106.2,63.4,29.1,14.9,0
188.3,233.1,0.344,270.0,103.5,60.6,32.25,6.1,1
217.5,216.6,0.454,486.0,81.7,79.1,29.0,0.0,1
164.5,254.3,0.349,171.0,74.2,78.3,35.4,24.5,0
155.1,306.9,0.051,273.0,91.1,78.2,35.0,12.5,0
144.4,261.3,0.724,258.0,73.5,54.1,34.9,8.2,0
209.9,241.2,0.819,134.0,70.9,65.0,40.8,12.7,0
193.1,239.8,0.663,421.0,76.3,70.4,35.9,0.8,1
178.9,195.3,0.216,420.0,74.8,52.0,32.9,0.0,1
185.6,280.9,0.45,185.0,85.0,62.4,30.8,16.8,0
157.5,247.3,0.498,363.0,72.8,86.9,31.3,15.3,0
228.9,243.7,0.65,377.0,81.0,54.9,25.6,0.0,1
182.6,361.8,0.667,522.0,99.1,88.0,21.4,0.0,1
182.2,260.5,0.316,579.0,81.5,84.0,34.8,0.0,1
194.5,223.7,0.52,195.0,98.2,68.8,39.3,9.7,0
189.6,235.1,0.614,97.0,94.4,64.9,30.0,18.2,0
184.5,290.2,0.864,21.0,87.1,81.2,41.5,31.9,0
164.2,254.0,0.676,449.0,75.8,63.3,30.9,0.4,1
189.4,199.7,0.697,171.0,92.5,63.9,20.3,16.5,0
217.6,282.2,0.521,382.0,77.0,71.7,37.5,0.0,1
206.9,226.6,0.853,133.0,80.0,48.6,29.1,18.4,0
211.9,315.6,0.602,425.0,84.0,56.1,38.1,0.0,1
169.8,252.0,0.285,24.0,79.9,68.5,24.3,31.5,0
160.2,234.3,0.851,502.0,71.4,77.2,34.5,3.4,1
177.5,294.8,0.674,184.0,61.7,63.2,27.2,23.2,0
181.1,252.4,0.389,84.0,91.5,69.8,33.2,32.9,0
201.9,279.8,0.38,566.0,86.8,54.3,36.6,0.0,1
146.2,267.0,0.574,143.0,59.4,82.3,35.2,36.2,0
210.6,220.4,0.616,411.0,71.0,74.4,32.4,0.0,1
176.8,227.5,0.549,223.0,82.1,75.4,23.7,23.2,0
171.5,286.0,0.578,219.0,85.3,77.4,32.25,14.1,0
159.8,238.3,0.925,305.0,61.8,72.9,38.2,20.6,0
146.9,235.9,0.768,432.0,78.9,66.7,25.7,4.5,1
196.5,216.6,0.548,264.0,86.5,84.4,26.6,7.0,1
181.5,264.8,0.735,428.0,75.8,73.7,38.4,0.5,1
154.2,322.2,0.242,415.0,83.1,70.2,30.7,1.6,1
154.1,212.6,0.599,452.0,74.1,71.9,26.8,0.0,1
173.3,250.8,0.952,196.0,90.9,71.7,33.6,17.3,0
213.4,299.4,0.445,553.0,70.4,70.1,28.2,0.0,1
174.8,247.2,0.288,52.0,66.3,76.9,33.0,26.8,0
149.9,265.8,0.337,479.0,80.3,61.7,29.5,3.9,1
175.1,212.8,0.228,442.0,62.8,62.5,30.0,0.0,1
174.5,265.0,0.304,329.0,54.7,78.2,38.7,3.5,1
126.1,243.4,0.407,250.0,93.0,70.4,17.2,22.4,0
178.9,284.5,0.149,122.0,68.2,82.7,32.25,29.9,0
175.4,291.6,0.504,386.0,64.0,76.5,37.7,5.2,1
193.9,340.6,0.726,338.0,70.3,65.9,28.3,7.2,0
217.0,270.3,0.273,347.0,69.7,78.3,37.6,7.0,1
202.5,261.4,0.88,28.0,78.3,85.2,26.2,26.0,0
174.6,256.8,0.628,34.0,66.9,76.9,28.0,28.5,0
157.9,237.6,0.758,517.0,86.0,79.3,27.3,0.0,1
231.5,261.8,0.336,395.0,87.8,70.1,37.7,0.0,1
181.2,239.7,0.714,293.0,64.7,82.9,21.5,5.0,1
180.3,255.9,0.227,588.0,72.6,65.6,41.8,0.0,1
179.5,296.1,0.723,348.0,73.7,75.7,30.2,6.3,1
184.0,214.8,0.543,146.0,78.0,100.0,35.7,19.0,0
177.1,289.9,0.638,66.0,93.0,77.9,35.2,26.3,0
168.5,296.1,0.206,519.0,93.7,67.4,32.9,0.0,1
169.1,245.9,0.276,121.0,110.0,67.3,28.4,16.9,0
179.3,175.7,0.649,339.0,52.8,71.2,39.5,6.8,1
169.1,228.7,0.263,174.0,68.9,81.4,28.9,24.2,0
165.7,295.4,0.616,596.0,101.8,73.6,27.6,0.0,1
182.1,249.2,0.158,450.0,58.4,64.9,37.3,0.0,1
174.9,215.0,0.712,556.0,101.5,64.8,32.9,0.0,1
210.1,232.3,0.192,135.0,81.8,73.7,40.1,18.6,0
127.0,279.4,0.638,15.0,82.2,72.5,31.6,43.8,0
201.8,269.1,0.656,332.0,64.6,77.0,28.1,7.3,0
204.9,241.6,0.326,194.0,74.6,82.1,33.6,19.1,0
138.5,237.2,0.646,495.0,101.0,100.0,29.3,0.4,1
173.1,236.3,0.565,305.0,79.4,55.9,28.3,28.8,0
172.6,217.7,0.365,333.0,74.7,79.6,37.0,12.8,0
151.8,306.5,0.248,332.0,84.9,73.1,43.0,5.7,1
164.4,238.7,0.009,326.0,77.7,51.7,30.5,5.1,1
157.8,292.6,0.587,14.0,84.1,85.7,26.2,37.7,0
215.0,303.2,0.109,225.0,69.8,76.6,31.1,10.7,0
180.45,284.9,0.524,424.0,79.1,80.8,35.1,0.0,1
205.4,234.9,0.434,407.0,72.3,53.3,33.5,0.0,1
194.4,264.1,0.67,112.0,58.4,69.6,39.2,25.3,0
157.4,249.2,0.424,427.0,85.8,60.1,36.0,0.0,1
169.5,218.4,0.418,0.0,65.2,95.8,25.4,36.7,0
189.8,261.4,0.683,265.0,78.0,84.6,29.0,9.3,0
155.6,208.7,0.584,490.0,91.1,64.5,23.7,3.0,1
194.3,291.6,0.579,207.0,62.0,55.1,38.9,7.7,0
175.2,233.7,0.617,368.0,87.3,74.1,20.0,15.8,0
172.5,252.0,0.116,305.0,76.4,84.0,24.3,12.8,0
194.2,259.9,0.689,11.0,68.4,52.9,28.9,27.7,0
188.9,240.9,0.653,344.0,104.3,61.8,35.4,0.7,1
172.8,270.5,0.246,464.0,80.0,59.8,28.9,0.0,1
203.2,233.4,0.439,305.0,73.2,81.5,29.8,0.0,1
158.4,280.5,0.49,367.0,70.6,67.9,29.9,14.5,0
192.3,202.9,0.466,419.0,90.6,68.4,33.0,0.3,1
191.9,254.4,0.583,170.0,72.7,73.9,24.7,18.9,0
173.8,317.9,0.858,133.0,89.1,62.3,26.3,23.0,0
186.5,215.0,0.77,426.0,80.0,56.1,42.1,0.3,1
155.0,226.3,0.172,24.0,93.4,87.1,34.4,28.2,0
198.5,268.0,0.656,529.0,67.5,88.1,32.25,0.2,1
176.3,256.3,0.832,189.0,69.2,74.0,32.3,14.2,0
169.5,262.3,0.597,140.0,76.6,74.8,31.2,22.1,0
201.0,267.1,0.773,554.0,77.6,85.9,34.7,0.0,1
165.9,272.2,1.003,314.0,75.7,73.7,36.4,18.2,0
151.8,288.8,0.756,443.0,79.8,67.4,37.1,6.2,1
148.9,264.3,0.562,318.0,104.8,72.4,31.2,10.6,0
192.1,241.6,0.761,440.0,83.6,87.3,37.7,0.0,1
154.4,273.5,0.536,91.0,85.0,72.6,17.2,28.4,0
215.1,316.5,0.506,178.0,79.8,64.6,37.4,12.5,0
138.4,245.4,0.412,55.0,67.4,73.6,29.4,27.8,0
213.9,215.9,0.891,154.0,77.8,79.2,35.3,20.1,0
180.45,288.7,0.295,110.0,89.3,77.9,28.1,23.0,0
180.45,245.8,0.883,136.0,95.7,78.1,24.0,18.7,0
169.1,174.0,0.625,231.0,91.9,62.9,34.0,12.8,0
188.0,279.7,0.15,467.0,61.9,80.5,23.0,0.0,1
179.2,231.3,0.592,480.0,76.5,72.3,29.6,0.0,1
202.1,246.8,0.025,67.0,62.4,64.2,27.1,24.9,0
182.3,261.6,0.656,248.0,94.0,80.4,30.9,14.3,0
183.0,256.7,0.721,322.0,75.1,67.0,36.8,13.0,0
172.7,274.8,0.352,517.0,79.4,54.7,29.1,0.0,1
178.9,234.8,0.531,431.0,85.8,61.0,33.9,0.0,1
186.2,268.0,0.989,486.0,113.2,70.0,36.4,0.0,1
145.8,240.9,0.374,428.0,83.2,78.4,28.4,4.4,1
153.0,275.9,0.235,268.0,77.1,62.5,28.4,13.4,0
194.9,271.5,0.87,536.0,65.1,69.4,40.2,0.0,1
183.4,217.3,0.991,147.0,97.5,58.6,31.5,18.6,0
176.3,288.0,0.501,117.0,77.8,82.8,35.1,21.3,0
180.4,231.2,0.753,366.0,99.9,90.9,35.0,7.4,0
187.0,278.3,0.835,65.0,93.3,89.7,24.8,24.3,0
169.2,262.9,0.314,369.0,74.4,82.6,27.4,9.6,0
164.4,314.3,0.379,174.0,63.3,81.5,34.3,20.1,0
183.9,242.2,0.808,587.0,83.3,49.2,19.6,0.0,1
160.4,237.8,0.921,494.0,72.6,73.9,30.7,1.4,1
188.2,249.3,0.641,113.0,80.5,66.5,26.8,21.3,0
145.9,239.4,0.28,110.0,92.6,81.7,38.7,27.8,0
200.6,278.0,0.997,438.0,60.2,44.1,34.1,0.0,1
189.5,193.4,0.367,146.0,83.2,74.1,39.1,24.4,0
185.1,213.1,0.5,34.0,89.1,69.6,31.8,24.1,0
199.7,212.6,0.586,308.0,89.7,84.3,31.3,7.3,0
213.3,283.3,0.889,537.0,63.6,89.0,30.2,0.0,1
200.3,309.9,0.713,13.0,85.0,61.8,29.0,24.5,0
143.2,246.3,0.604,373.0,94.4,62.3,48.1,14.1,0
154.4,244.1,0.616,556.0,84.1,74.5,36.8,0.0,1
167.5,252.5,0.511,427.0,78.6,91.1,25.6,11.0,0
180.5,290.7,0.64,232.0,93.7,72.7,47.8,16.6,0
190.4,217.5,0.132,562.0,71.7,57.9,29.6,0.0,1
165.5,258.3,0.426,439.0,61.6,65.3,33.9,0.0,1
183.7,284.1,0.56,501.0,77.6,74.2,37.6,0.0,1
164.9,267.5,0.212,274.0,86.4,74.6,22.8,10.2,0
180.45,256.6,0.597,75.0,92.5,64.3,27.0,24.6,0
151.9,285.0,0.449,438.0,86.4,65.1,41.9,3.8,1
161.5,155.4,0.939,288.0,90.0,61.2,30.7,16.8,0
153.0,273.7,0.893,539.0,92.5,84.6,38.0,5.9,1
160.5,227.1,0.384,252.0,75.9,62.8,29.3,15.7,0
201.1,185.9,0.462,125.0,78.2,66.9,31.4,18.6,0
161.0,267.9,0.482,176.0,95.4,66.6,42.7,18.2,0
232.6,298.1,0.387,36.0,65.5,54.3,34.6,11.2,0
189.9,245.2,0.549,409.0,85.1,62.5,29.9,0.0,1
183.7,283.4,0.31,126.0,71.4,85.5,27.9,21.4,0
162.8,306.4,0.217,305.0,93.2,58.7,28.4,1.6,1
194.0,296.0,0.656,167.0,79.8,61.4,39.4,17.4,0
168.5,307.4,0.657,591.0,80.1,57.3,36.6,0.0,1
182.4,276.0,0.299,293.0,100.7,71.0,25.1,6.9,1
231.2,252.6,0.724,342.0,67.1,92.7,32.5,0.0,1
178.1,193.9,0.342,309.0,82.6,70.5,31.6,1.0,1
203.0,241.4,0.563,527.0,77.8,72.7,33.9,0.0,1
165.9,220.5,0.705,539.0,86.4,63.3,28.4,0.0,1
179.3,326.0,0.492,418.0,103.2,71.3,38.6,5.0,1
215.4,243.8,0.614,443.0,72.7,85.5,32.0,0.0,1
167.5,254.3,0.371,557.0,65.6,73.6,34.2,0.0,1
216.2,269.3,0.451,235.0,70.3,95.4,27.3,8.6,0
194.2,251.5,0.449,438.0,77.2,85.9,27.6,3.4,1
168.8,309.3,0.313,213.0,80.8,71.1,47.9,13.2,0
192.6,228.2,0.456,84.0,81.4,70.8,42.8,25.7,0
199.5,252.0,0.113,84.0,101.6,89.9,31.6,16.5,0
192.4,224.0,0.377,488.0,99.5,73.5,41.2,0.0,1
148.6,203.8,0.429,64.0,95.6,87.5,39.3,38.6,0
165.5,228.6,0.436,63.0,110.2,94.0,28.2,29.3,0
175.0,248.7,0.44,342.0,89.9,69.8,27.7,4.1,1
180.45,235.0,0.485,351.0,93.3,75.9,36.0,10.7,0
192.4,225.8,0.62,157.0,89.7,82.8,33.6,23.3,0
183.6,200.8,0.719,588.0,87.7,80.4,29.6,0.0,1
153.3,247.1,0.338,490.0,84.7,80.4,36.3,1.9,1
187.6,197.3,0.199,462.0,75.2,57.3,23.3,0.0,1
192.2,276.6,0.239,224.0,65.0,62.7,32.7,0.5,1
191.2,252.9,0.378,312.0,78.4,66.6,24.6,0.6,1
201.6,199.0,0.412,465.0,86.8,85.4,24.8,0.0,1
196.7,239.2,0.308,87.0,80.9,58.4,27.8,16.9,0
189.2,223.7,0.176,302.0,67.2,88.8,34.2,11.5,0
178.6,261.2,0.386,434.0,78.0,80.6,27.9,1.9,1
146.8,296.9,0.545,134.0,77.4,84.7,24.7,31.9,0
188.6,184.4,0.649,49.0,79.3,61.8,34.9,19.0,0
184.2,254.0,0.361,431.0,85.9,72.8,41.0,1.1,1
185.4,244.4,0.397,339.0,88.5,75.3,35.8,5.7,1
154.5,273.5,0.268,346.0,74.0,74.8,42.8,6.9,1
158.4,257.5,0.492,346.0,91.8,75.3,40.5,6.4,1
201.1,223.7,0.288,244.0,93.6,69.0,29.1,10.6,0
179.2,238.8,0.643,108.0,83.8,73.5,35.8,25.4,0
193.6,222.1,0.054,532.0,88.0,83.4,31.5,0.0,1
180.6,287.7,0.41,89.0,91.8,59.2,38.4,23.0,0
180.6,250.7,0.575,295.0,66.8,89.0,31.4,9.2,0
198.8,316.5,0.546,111.0,92.7,82.8,27.3,19.0,0
169.7,247.9,1.173,588.0,70.5,61.4,40.2,0.0,1
181.9,225.2,0.587,176.0,71.7,76.2,33.9,15.9,0
170.8,197.0,0.249,342.0,82.4,81.9,28.0,11.0,0
171.3,186.9,0.476,100.0,54.3,58.4,29.0,26.0,0
173.8,194.6,0.056,400.0,82.1,72.5,28.0,0.0,1
184.4,259.3,0.48,27.0,91.8,71.1,26.0,24.0,0
170.4,267.8,0.292,536.0,60.2,64.9,29.1,0.0,1
205.1,194.7,0.729,57.0,93.1,73.0,34.2,22.3,0
162.1,281.3,0.363,497.0,71.6,65.4,32.4,0.0,1
176.3,233.1,0.471,296.0,82.5,87.1,29.4,8.0,0
171.2,255.1,0.341,133.0,73.4,65.1,41.0,16.0,0
208.9,306.4,0.935,330.0,86.9,80.7,19.9,5.2,1
183.9,281.4,0.42,248.0,92.3,53.8,33.8,10.3,0
200.6,240.6,0.958,549.0,87.8,70.2,31.1,0.0,1
150.3,218.8,0.704,74.0,80.0,72.1,26.2,25.2,0
185.3,174.7,0.621,167.0,74.3,69.9,34.2,15.7,0
197.8,224.8,0.592,502.0,79.2,67.6,30.7,0.0,1
181.6,242.6,0.598,354.0,87.9,64.7,39.5,11.0,0
201.3,215.4,0.018,224.0,88.3,80.3,37.2,16.1,0
169.7,245.4,0.43,530.0,86.6,83.0,43.4,0.0,1
208.2,252.7,0.711,145.0,64.6,71.1,29.1,16.4,0
226.0,242.1,0.488,240.0,79.7,59.9,40.4,9.1,0
172.7,227.2,0.149,343.0,72.4,91.7,25.0,6.5,1
171.1,255.9,0.487,34.0,88.0,62.3,31.3,22.5,0
209.1,265.5,0.926,0.0,70.8,55.9,29.2,17.0,0
211.6,211.8,0.812,152.0,85.4,49.9,35.6,17.7,0
169.5,299.4,0.484,428.0,76.6,73.1,35.5,1.2,1
171.6,246.5,0.738,507.0,57.5,69.6,26.6,0.0,1
174.4,250.7,0.408,125.0,91.2,83.3,35.9,21.1,0
153.1,274.8,0.074,490.0,79.7,78.7,29.7,0.0,1
161.6,258.2,0.269,481.0,95.3,75.2,27.1,0.0,1
159.9,283.4,0.5,344.0,60.0,69.0,31.9,3.5,1
164.6,260.0,0.432,220.0,76.5,84.2,23.1,21.7,0
179.3,228.6,0.439,24.0,77.4,92.5,37.6,36.6,0
184.7,262.7,0.425,527.0,83.2,83.1,31.7,0.0,1
211.0,210.0,0.976,181.0,64.1,66.9,31.8,6.3,1
160.0,253.8,0.906,498.0,86.5,80.6,31.5,1.2,1
199.7,248.8,1.055,41.0,102.9,67.6,41.9,29.0,0
175.7,242.7,0.46,480.0,85.7,59.8,41.1,0.0,1
179.0,245.5,0.574,438.0,81.1,62.1,40.1,0.0,1
193.5,184.1,0.121,401.0,63.5,68.1,31.5,0.0,1
157.5,230.8,0.869,545.0,70.7,73.1,25.3,0.0,1
187.6,253.2,0.208,344.0,79.3,94.7,31.9,12.2,0
183.3,255.6,0.554,44.0,73.6,62.3,33.9,28.7,0
189.8,214.0,0.226,20.0,92.3,86.6,36.9,27.2,0
185.8,294.3,0.353,69.0,86.4,68.5,33.9,22.5,0
229.1,219.7,0.291,47.0,112.3,49.8,25.8,15.4,0
167.2,283.9,0.348,490.0,68.2,66.4,28.8,0.0,1
169.4,265.0,0.365,550.0,80.4,84.9,28.2,0.0,1
167.5,227.4,0.363,286.0,63.4,75.8,35.2,9.3,0
168.9,312.1,0.708,9.0,53.3,76.4,35.4,33.6,0
167.3,208.2,0.224,541.0,88.7,86.6,36.2,0.0,1
203.8,282.2,0.555,305.0,86.0,60.6,33.8,4.5,1
208.4,285.0,0.804,599.0,69.7,60.4,19.6,0.0,1
168.6,226.5,0.372,380.0,81.1,47.1,21.6,5.0,1
163.4,298.7,0.321,328.0,72.4,81.6,31.2,9.7,0
189.4,241.2,0.442,478.0,74.1,78.2,32.6,0.0,1
169.0,260.1,0.795,14.0,76.2,80.0,39.5,31.7,0
192.7,259.1,0.549,515.0,69.2,59.0,32.5,0.0,1
184.1,245.3,0.367,190.0,71.4,54.4,26.1,20.7,0
149.7,278.4,0.621,167.0,71.7,57.5,36.0,20.6,0
211.0,277.8,0.224,520.0,85.1,61.9,31.9,0.0,1
215.9,188.8,0.67,136.0,46.7,89.1,29.6,24.9,0
167.7,295.7,0.602,153.0,77.3,83.0,22.3,25.4,0
172.2,191.8,0.423,387.0,66.9,67.0,32.5,0.2,1
185.7,286.1,0.29,208.0,67.4,75.3,33.4,12.0,0
186.7,289.4,0.278,271.0,73.7,64.5,26.0,11.4,0
193.2,211.8,0.634,142.0,79.8,76.0,36.5,18.9,0
220.2,235.6,0.807,68.0,77.4,59.5,35.9,21.7,0
176.5,211.3,0.341,246.0,67.2,80.3,32.3,11.7,0
164.0,242.5,0.615,260.0,88.7,62.7,32.1,16.3,0
152.4,239.2,0.022,78.0,69.2,80.9,37.7,20.8,0
165.4,277.3,0.354,524.0,71.2,67.3,34.2,0.0,1
179.3,295.9,0.492,329.0,83.4,63.3,27.8,3.9,1
215.9,298.8,0.273,188.0,83.8,89.7,30.8,11.6,0
169.6,230.3,0.266,94.0,72.7,73.9,35.3,25.0,0
184.5,242.7,0.333,7.0,44.8,68.5,19.8,33.2,0
179.7,191.1,0.573,66.0,69.4,80.3,26.4,21.8,0
203.8,221.8,0.453,495.0,81.9,57.3,36.1,0.0,1
230.5,283.8,0.06,305.0,88.3,84.2,39.3,6.4,1
169.4,306.5,0.03,365.0,79.0,70.5,38.1,10.2,0
170.2,206.8,0.348,520.0,74.3,78.6,37.4,0.0,1
200.9,229.3,0.614,116.0,107.5,55.0,32.8,15.0,0
193.6,249.1,0.187,266.0,75.5,67.8,25.8,12.5,0
216.9,259.8,0.375,484.0,79.8,72.1,30.8,0.0,1
191.7,221.7,0.368,508.0,64.0,83.3,32.25,0.0,1
172.8,264.8,0.847,297.0,66.9,79.5,39.8,3.1,1
191.8,233.4,0.404,163.0,87.8,67.7,27.1,15.3,0
202.2,249.5,0.596,375.0,92.5,75.5,28.8,6.3,1
196.4,269.1,0.535,267.0,75.3,85.8,38.4,5.9,1
190.1,250.2,0.033,548.0,57.8,69.8,22.3,0.0,1
201.3,234.7,0.692,73.0,78.0,68.6,24.9,20.6,0
203.4,246.2,0.554,507.0,82.3,51.2,33.6,0.0,1
207.6,246.9,0.627,72.0,81.2,68.9,35.1,25.8,0
193.0,237.0,1.482,307.0,73.2,52.9,31.6,6.6,1
176.7,240.9,0.021,198.0,78.2,70.7,31.8,14.3,0
182.9,306.0,0.931,129.0,71.0,82.9,39.6,24.1,0
204.1,269.6,0.428,571.0,66.7,48.7,35.8,0.0,1
163.7,239.7,0.572,486.0,89.1,85.6,35.0,1.1,1
187.4,274.4,0.489,150.0,81.2,68.4,36.7,13.2,0
172.1,238.3,0.394,205.0,78.2,71.7,30.2,17.1,0
180.6,291.1,0.358,178.0,73.9,66.5,45.0,21.9,0
205.6,262.9,0.582,196.0,77.8,53.2,18.2,9.6,0
183.8,246.2,0.121,88.0,81.9,63.4,40.7,27.0,0
180.9,265.7,0.688,433.0,100.7,95.1,37.4,14.4,0
152.8,195.0,0.396,182.0,87.9,59.9,33.5,20.2,0
194.9,210.6,0.217,208.0,72.0,54.5,32.5,14.1,0
192.9,208.2,0.387,492.0,72.1,73.6,31.1,0.0,1
223.3,255.0,0.814,129.0,70.3,71.1,38.6,15.5,0
173.8,310.6,0.366,12.0,77.6,68.4,31.8,33.1,0
184.4,328.1,0.59,105.0,70.3,72.2,27.6,21.2,0
185.0,272.3,0.317,374.0,85.7,79.1,37.4,1.3,1
211.5,267.5,0.689,581.0,48.3,65.5,41.5,0.0,1
178.1,187.0,0.671,98.0,86.4,74.1,20.4,22.5,0
185.6,231.0,0.962,593.0,83.3,83.3,46.1,0.0,1
192.2,222.4,0.456,586.0,95.2,61.1,32.25,0.0,1
183.7,228.3,0.667,191.0,90.5,46.5,26.2,14.7,0
171.1,244.1,0.525,324.0,71.8,79.4,24.5,9.1,0
183.9,233.5,0.824,466.0,89.2,72.25,32.0,0.0,1
201.5,180.7,0.32,366.0,78.0,71.9,24.3,0.0,1
159.5,276.2,0.686,317.0,56.8,74.2,25.1,16.8,0
182.7,212.5,0.451,143.0,81.9,68.7,27.9,21.5,0
166.0,258.4,0.484,383.0,72.5,89.5,32.8,17.9,0
203.9,322.6,0.523,215.0,80.0,71.1,33.4,15.8,0
149.5,217.8,0.563,360.0,79.8,69.9,39.4,14.7,0
168.8,161.4,0.471,323.0,82.7,82.0,39.3,3.3,1
187.5,240.0,0.554,14.0,67.8,66.7,38.1,20.5,0
211.3,288.5,0.895,216.0,91.6,57.9,30.4,9.1,0
178.7,318.5,0.746,491.0,84.4,81.7,21.0,0.0,1
168.9,207.0,0.717,546.0,66.4,65.5,20.8,0.0,1
217.6,267.4,0.386,182.0,60.7,61.3,38.1,20.9,0
151.0,233.7,0.278,269.0,68.3,95.1,37.1,22.8,0
136.0,246.3,0.739,466.0,90.0,70.0,28.3,0.2,1
188.8,342.6,0.719,518.0,76.4,77.4,23.4,0.0,1
170.0,197.4,0.868,541.0,81.0,72.3,25.7,0.0,1
159.6,258.9,0.349,466.0,63.9,62.3,33.0,0.0,1
194.2,266.4,0.443,304.0,90.4,79.6,33.1,6.3,1
184.9,288.0,0.09,143.0,55.8,75.5,38.3,14.7,0
168.7,253.4,0.402,110.0,72.1,64.7,29.3,28.0,0
154.4,260.8,0.749,231.0,85.0,76.8,30.5,15.5,0
197.4,236.3,0.383,583.0,66.5,66.3,38.8,0.0,1
193.0,259.4,0.66,591.0,87.4,59.9,19.2,0.0,1
178.0,238.0,0.452,499.0,69.6,58.7,33.9,0.0,1
216.9,271.8,0.581,594.0,65.3,75.0,30.0,0.0,1
158.6,237.1,0.213,553.0,95.4,67.8,36.3,0.0,1
149.5,263.2,0.521,272.0,81.8,88.5,35.1,15.0,0
166.2,249.0,0.248,172.0,86.2,71.5,27.8,17.8,0
179.1,289.4,0.453,6.0,92.2,63.4,29.0,37.3,0
184.9,248.2,0.092,154.0,48.6,73.7,18.2,19.2,0
175.2,187.9,0.801,521.0,87.6,57.8,36.5,0.0,1
187.0,294.2,0.694,545.0,70.9,71.1,33.4,0.0,1
155.0,218.3,0.617,547.0,72.4,75.5,40.4,0.0,1
208.9,227.1,0.88,517.0,85.2,74.2,29.6,0.0,1
178.4,229.2,0.263,214.0,75.6,86.3,37.5,15.4,0
202.3,298.1,0.937,133.0,87.1,100.0,25.6,18.5,0
186.9,175.3,0.733,284.0,79.5,79.4,15.8,6.1,1
189.1,359.8,0.441,125.0,82.0,85.0,31.4,28.8,0
180.45,252.0,0.784,438.0,74.1,100.0,28.6,0.4,1
189.0,257.8,0.223,151.0,67.2,60.9,25.7,12.5,0
192.9,248.1,0.294,330.0,71.1,73.4,32.25,6.1,1
206.6,260.0,0.348,537.0,78.8,66.7,39.2,0.0,1
180.45,268.2,0.368,382.0,102.0,81.3,32.6,2.2,1
194.2,272.6,0.236,114.0,97.7,75.0,30.9,21.6,0
178.2,269.4,0.806,481.0,72.2,63.0,32.4,2.0,1
208.8,253.1,0.435,283.0,80.7,72.1,28.1,6.5,1
166.5,243.1,0.588,74.0,76.5,83.5,35.4,25.4,0
216.0,244.7,0.357,165.0,81.6,57.7,22.8,9.8,0
179.2,243.2,0.045,188.0,83.1,63.2,25.6,18.9,0
151.4,289.7,0.568,77.0,86.3,61.6,27.3,20.2,0
182.6,270.8,0.022,20.0,45.2,75.6,35.2,24.6,0
166.4,147.1,0.483,305.0,84.4,85.6,30.2,0.0,1
196.8,273.0,0.158,183.0,75.2,49.9,40.2,5.8,1
166.9,256.8,0.997,221.0,71.5,73.0,36.8,15.5,0
171.1,249.3,0.728,327.0,89.5,61.8,27.2,5.7,1
142.2,236.4,0.526,178.0,97.6,83.1,35.8,28.0,0
171.0,289.3,0.816,111.0,88.3,69.4,29.6,22.5,0
131.5,283.2,0.288,58.0,73.8,73.4,34.8,38.3,0
148.3,222.9,0.636,326.0,67.1,72.0,37.1,12.5,0
195.2,264.2,0.55,190.0,43.9,84.4,38.7,23.0,0
195.7,216.0,0.566,199.0,82.2,94.5,33.2,10.6,0
188.5,201.7,0.818,311.0,86.9,59.5,41.6,12.4,0
160.7,228.1,0.683,34.0,78.8,61.5,34.6,28.0,0
179.0,280.2,0.572,378.0,91.2,75.5,32.8,10.1,0
179.9,283.4,0.086,386.0,64.2,63.0,30.2,7.0,1
180.45,268.0,0.26,236.0,77.9,82.3,28.2,6.8,1
210.1,275.4,0.469,518.0,77.0,84.0,34.5,0.0,1
197.5,268.1,0.523,305.0,78.7,66.0,32.6,11.2,0
175.6,227.5,0.217,0.0,94.0,63.6,33.6,35.3,0
180.5,265.1,1.103,463.0,78.7,69.0,34.9,0.0,1
184.2,278.0,0.879,229.0,76.5,73.1,33.5,16.0,0
139.2,276.4,0.651,171.0,68.8,75.5,44.1,25.5,0
175.1,291.6,0.518,86.0,95.9,47.2,28.8,24.2,0
166.4,274.8,0.447,552.0,62.8,61.4,34.6,0.0,1
160.0,262.3,0.262,122.0,73.4,67.6,30.6,28.8,0
174.4,287.5,0.519,297.0,100.3,63.2,17.2,6.7,1
216.0,249.1,0.564,574.0,85.6,40.5,30.8,0.0,1
192.8,219.1,0.19,483.0,79.8,51.2,26.4,0.0,1
168.6,244.3,0.584,164.0,80.3,57.6,31.6,18.0,0
191.5,223.9,0.461,382.0,68.6,70.7,31.8,1.0,1
